registration_dttm,id,first_name,last_name,email,gender,ip_address,cc,country,birthdate,salary,title,comments
2016-02-03T07:55:29Z,1,Amanda,Jordan,ajordan0@com.com,Female,1.197.201.2,6759521864920116,Indonesia,3/8/1971,49756.53,Internal Auditor,1E+02
2016-02-03T17:04:03Z,2,Albert,Freeman,afreeman1@is.gd,Male,218.111.175.34,"",Canada,1/16/1968,150280.17,Accountant IV,""
2016-02-03T01:09:31Z,3,Evelyn,Morgan,emorgan2@altervista.org,Female,7.161.136.94,6767119071901597,Russia,2/1/1960,144972.51,Structural Engineer,""
2016-02-03T12:36:21Z,4,Denise,Riley,driley3@gmpg.org,Female,140.35.109.83,3576031598965625,China,4/8/1997,90263.05,Senior Cost Accountant,""
2016-02-03T05:05:31Z,5,Carlos,Burns,cburns4@miitbeian.gov.cn,"",169.113.235.40,5602256255204850,South Africa,"","","",""
2016-02-03T07:22:34Z,6,Kathryn,White,kwhite5@google.com,Female,195.131.81.179,3583136326049310,Indonesia,2/25/1983,69227.11,Account Executive,""
2016-02-03T08:33:08Z,7,Samuel,Holmes,sholmes6@foxnews.com,Male,232.234.81.197,3582641366974690,Portugal,12/18/1987,14247.62,Senior Financial Analyst,""
2016-02-03T06:47:06Z,8,Harry,Howell,hhowell7@eepurl.com,Male,91.235.51.73,"",Bosnia and Herzegovina,3/1/1962,186469.43,Web Developer IV,""
2016-02-03T03:52:53Z,9,Jose,Foster,jfoster8@yelp.com,Male,132.31.53.61,"",South Korea,3/27/1992,231067.84,Software Test Engineer I,1E+02
2016-02-03T18:29:47Z,10,Emily,Stewart,estewart9@opensource.org,Female,143.28.251.245,3574254110301671,Nigeria,1/28/1997,27234.28,Health Coach IV,""
2016-02-03T12:10:42Z,11,Susan,Perkins,sperkinsa@patch.com,Female,180.85.0.62,3573823609854134,Russia,"",210001.95,"",""
2016-02-03T18:04:34Z,12,Alice,Berry,aberryb@wikipedia.org,Female,246.225.12.189,4917830851454417,China,8/12/1968,22944.53,Quality Engineer,""
2016-02-03T18:48:17Z,13,Justin,Berry,jberryc@usatoday.com,Male,157.7.146.43,6331109912871813274,Zambia,8/15/1975,44165.46,Structural Analysis Engineer,""
2016-02-03T21:46:52Z,14,Kathy,Reynolds,kreynoldsd@redcross.org,Female,81.254.172.13,5537178462965976,Bosnia and Herzegovina,6/27/1970,286592.99,Librarian,""
2016-02-03T08:53:23Z,15,Dorothy,Hudson,dhudsone@blogger.com,Female,8.59.7.0,3542586858224170,Japan,12/20/1989,157099.71,Nurse Practicioner,<script>alert('hi')</script>
2016-02-03T00:44:01Z,16,Bruce,Willis,bwillisf@bluehost.com,Male,239.182.219.189,3573030625927601,Brazil,"",239100.65,"",""
2016-02-03T00:57:45Z,17,Emily,Andrews,eandrewsg@cornell.edu,Female,29.231.180.172,30271790537626,Russia,4/13/1990,116800.65,Food Chemist,""
2016-02-03T16:44:24Z,18,Stephen,Wallace,swallaceh@netvibes.com,Male,152.49.213.62,5433943468526428,Ukraine,1/15/1978,248877.99,Account Representative I,""
2016-02-03T11:45:54Z,19,Clarence,Lawson,clawsoni@vkontakte.ru,Male,107.175.15.152,3544052814080964,Russia,"",177122.99,"",""
2016-02-03T10:30:36Z,20,Rebecca,Bell,rbellj@bandcamp.com,Female,172.215.104.127,"",China,"",137251.19,"",""
2016-02-03T13:17:24Z,21,Diane,Stevens,dstevensk@cnet.com,Female,141.243.73.164,"",Russia,6/5/1985,87978.22,Food Chemist,Å“âˆ‘Â´Â®â€ Â¥Â¨Ë†Ã¸Ï€â€œâ€˜
2016-02-03T18:18:25Z,22,Lawrence,Ramos,lramosl@sourceforge.net,Male,46.72.4.6,3537473810855655,Tanzania,"",131283.64,"",""
2016-02-03T18:50:55Z,23,Gregory,Barnes,gbarnesm@google.ru,Male,220.22.114.145,3538432455620641,Tunisia,1/23/1971,182233.49,Senior Sales Associate,ì‚¬íšŒê³¼í•™ì› ì–´í•™ì—°êµ¬ì†Œ
2016-02-03T04:05:40Z,24,Michelle,Ellis,mellisn@timesonline.co.uk,Female,239.81.215.135,3547383558025965,Tanzania,6/5/1964,278001.46,Tax Accountant,""
2016-02-03T16:52:27Z,25,Rachel,Perkins,rperkinso@lulu.com,Female,90.173.28.95,633313663891003209,Russia,"",176178.75,"",""
2016-02-03T08:02:34Z,26,Anthony,Lawrence,alawrencep@miitbeian.gov.cn,Male,121.211.242.99,564182969714151470,Japan,12/10/1979,170085.81,Electrical Engineer,""
2016-02-03T08:41:26Z,27,Henry,Henry,hhenryq@godaddy.com,Male,191.88.236.116,4905730021217853521,China,9/22/1995,284300.15,Nuclear Power Engineer,""
2016-02-03T17:09:12Z,28,Samuel,Hunter,shunterr@instagram.com,Male,72.190.230.173,5002353797389897,Brazil,9/21/1968,108950.24,Environmental Tech,""
2016-02-03T03:16:14Z,29,Jacqueline,Holmes,jholmess@ustream.tv,Female,47.141.224.95,3555934842115316,United States,"",247939.52,"",Ì—ÌºÍ–Ì¹Ì¯Í“TÌ±Ì¤ÍÌ¥Í‡ÍˆhÍÌ²eÍÍ“Ì¼Ì—Ì™Ì¼Ì£Í” Í‡ÌœÌ±Ì Í“ÍÍ…NÍ Í•eÌ—Ì±zÌ˜ÌÌœÌºÍ™pÌ¤ÌºÌ¹ÍÌ¯ÍšeÍœÌ Ì»Ì rÌ¨Ì¤ÍÌºÌ–Í”Ì–Ì–dÍŸÌ ÌŸÌ­Ì¬ÌiÌ¦Í–Ì©Í“Í”Ì¤aÌ Ì—Ì¬Í‰Ì™nÍœÍš Ì»ÌÌ°ÍšÍ…hÌµÍ‰iÌ³ÌvÌ¢Í‡eÍŸÌ­Í-Ò‰Ì­Ì©Ì¼Í”mÌ¤Ì­Ì«iÍ•Í‡ÌÌ¦nÌ—Í™dÌ£ÌŸ ÍÌ¯Ì²Í•oÌ¨ÌŸÌ¯Ì°Ì²Í™Ì»Ìf Í˜ÌªÌ°Ì°Ì—Ì–Ì­Ì˜cÌ¦ÍÌ²ÌÍÌ©Ì™hÌ£ÍšaÍœÌ®ÍÌŸÌ™oÌ›Ì©Ì¹ÍsÌ¤.ÌÌ Ò‰ZÌ¡Ì–ÌœÍ–Ì°Ì£Í‰ÌœaÍ¡Í–Ì°Í™Ì¬lÌ²Ì«Ì³ÍÌ©gÌ¡ÌŸÌ¼Ì±ÍšÌÌ¬Í…oÍœÌ—.ÌŸ
2016-02-03T21:37:49Z,30,Annie,Torres,atorrest@ning.com,Female,202.94.67.27,3530389861801215,Nigeria,5/20/1958,118310.72,Electrical Engineer,-1E+02
2016-02-03T19:09:48Z,31,Antonio,Berry,aberryu@ow.ly,Male,5.82.180.4,"",Thailand,"",135007.96,"",""
2016-02-03T21:05:47Z,32,Nicole,Martinez,nmartinezv@oakley.com,Female,46.32.149.87,"",United States,"",149720.75,"",ZÌ®ÌÍ…Ì Í™Í”AÌ¥Ì—ÌÍˆÌ»Ì—LÌ£Í™ÍÌ¯Ì¹ÌÍ“GÌ»OÌ­Ì—Ì®
2016-02-03T12:30:59Z,33,Christina,Mason,cmasonw@nydailynews.com,Female,74.214.22.120,"",Greece,7/21/1986,242593.85,Senior Sales Associate,""
2016-02-03T23:11:43Z,34,Margaret,Barnes,mbarnesx@angelfire.com,Female,133.178.126.244,3582552005871223,South Africa,11/13/1969,109644.23,Human Resources Assistant II,""
2016-02-03T08:24:41Z,35,Melissa,Kelly,mkellyy@unblog.fr,Female,179.132.207.169,6374648559206801,Indonesia,2/6/1968,45639.62,General Manager,TÌ•Ì­ÌºÌºoÍ Ì·iÌ²Ì¬Í‡ÌªÍ™nÌÌ—Í•vÍŸÌŸÌœÌ˜Ì¦oÌ¶Ì™Ì°Ì keÍ€ÍšÌ®ÌºÌªÌ¹Ì±Ì¤ Ì–tÍÌÍ•Ì³Ì£Ì»ÌªhÌ¼Í“Ì²Ì¦Ì³Ì˜Ì²eÍ‡Ì£Ì°Ì¦Ì¬Í Ì¢Ì¼Ì»Ì±Ì˜hÍ…ÍšÍÍ™ÌœÌ£Ì²iÌ¦Ì²Ì£Ì°Ì¤vÌ»ÍeÌºÌ­Ì³ÌªÌ°-mÌ¢iÍ…nÌ–ÌºÌÌ²Ì¯Ì°dÌµÌ¼ÌŸÍ™Ì©Ì¼Ì˜Ì³ ÌÌ¥Ì±Ì³Ì­rÌ›Ì—Ì˜eÍ™pÍ rÌ¼ÌÌ»Ì­Ì—eÍŸÌºÌ Ì£sÌ˜Í‡Ì³ÍÌÍ‰eÍœÍ‰Ì¥Ì¯ÌÌ²ÍšÌ¬nÍ€Ì¬ÍÍÌŸÌ–Í‡Ì¤tÍ˜ÍÌ¬Í…Ì¤Í“Ì¼Ì­iÌªÌ±nÍ gÌ´Í‰ ÍÍ‰Í…cÌ¬ÌŸhÍ¡aÍ˜Ì«Ì»Ì¯oÌ«ÌŸÌ–ÍÌ™ÌÍ‰sÌ—Ì¦Ì².Ì¨Ì¹ÍˆÌ£
2016-02-03T07:27:52Z,36,Betty,Carr,bcarrz@parallels.com,Female,159.201.161.49,"",France,"",91370.3,"",-1E2
2016-02-03T20:46:39Z,37,Dorothy,Gomez,dgomez10@jiathis.com,Female,65.111.200.146,493684876859391834,China,"",57194.86,"",""
2016-02-03T22:34:38Z,38,Kathryn,Lane,klane11@netlog.com,Female,169.141.178.89,5308993357499254,Czech Republic,8/20/1964,67783.73,Paralegal,""
2016-02-03T14:55:26Z,39,Jose,Murphy,jmurphy12@paypal.com,Male,118.85.253.180,4994715164232848,Chile,8/8/1991,134708.82,Nuclear Power Engineer,""
2016-02-03T12:15:06Z,40,Jack,Flores,jflores13@yolasite.com,Male,162.215.65.11,3577342788590928,Argentina,1/28/1958,81685.1,Financial Advisor,""
2016-02-03T19:52:04Z,41,Walter,Martinez,wmartinez14@spotify.com,Male,165.150.92.96,"",Somalia,3/8/1972,212105.33,Health Coach I,""
2016-02-03T04:33:04Z,42,Todd,Alvarez,talvarez15@csmonitor.com,Male,59.123.34.76,3557102122317535,Japan,12/19/1999,284728.99,Marketing Assistant,""
2016-02-03T08:34:26Z,43,Amanda,Gray,agray16@cdbaby.com,Female,252.20.193.145,3561501596653859,China,8/28/1967,213410.26,Senior Quality Engineer,""
2016-02-03T10:13:35Z,44,Sharon,Simpson,ssimpson17@weather.com,Female,242.68.147.87,"",France,9/28/1963,133884.94,Analog Circuit Design manager,""
2016-02-03T19:03:21Z,45,Bonnie,Collins,bcollins18@list-manage.com,Female,132.217.56.27,3540813015762450,Germany,7/21/1986,67661.42,Business Systems Development Analyst,""
2016-02-03T04:43:17Z,46,Deborah,Armstrong,darmstrong19@addthis.com,Female,89.44.11.142,"",Canada,4/8/1969,111569.22,Quality Control Specialist,â¦testâ§
2016-02-03T08:09:40Z,47,Daniel,Mccoy,dmccoy1a@skype.com,Male,115.85.247.190,3554507990607374,Central African Republic,"",66260.14,"",â¤ï¸ ğŸ’” ğŸ’Œ ğŸ’• ğŸ’ ğŸ’“ ğŸ’— ğŸ’– ğŸ’˜ ğŸ’ ğŸ’Ÿ ğŸ’œ ğŸ’› ğŸ’š ğŸ’™
2016-02-03T13:18:49Z,48,Jean,Flores,jflores1b@samsung.com,Female,211.70.131.207,5392903051983005,Nepal,4/6/1990,199100.32,Financial Advisor,""
2016-02-03T17:50:49Z,49,Lisa,Snyder,lsnyder1c@woothemes.com,Female,145.202.177.215,30475362189761,Germany,12/12/1974,210631.91,Safety Technician II,áš€
2016-02-03T03:14:55Z,50,Sean,Alexander,salexander1d@dagondesign.com,Male,89.83.147.177,"",Bosnia and Herzegovina,5/29/1978,256068.38,Senior Financial Analyst,""
